user_id, name, age, gender, review
1, John Smith, 32, Male, I loved the movie! It was fantastic.
2, Jane Doe, 28, Female, The food at this restaurant was terrible.
3, Michael Johnson, 45, Male, The hotel staff was friendly and helpful.
4, Emily Wilson, 37, Female, I had a bad experience with the customer service.
5, David Brown, 19, Male, The concert was amazing. I had a great time.
6, Olivia Davis, 31, Female, The product exceeded my expectations.
7, Ethan Taylor, 24, Male, I'm not satisfied with the quality of the product.
8, Sophia Anderson, 39, Female, The service at this store was excellent.
9, James Lee, 56, Male, The movie was disappointing. I expected better.
10, Ava Wilson, 22, Female, The event was well-organized and enjoyable.
11, Noah Clark, 33, Male, The book was captivating. I couldn't put it down.
12, Emma Turner, 27, Female, The software is user-friendly and efficient.
13, Liam Baker, 41, Male, I had a terrible experience with the airline.
14, Mia Hill, 35, Female, The customer support was prompt and helpful.
15, Lucas Scott, 20, Male, The game is addictive. I can't stop playing.
16, Isabella White, 29, Female, I'm satisfied with my purchase. The quality is great.
17, Ethan Murphy, 23, Male, The customer service was unresponsive and unhelpful.
18, Abigail Green, 36, Female, The museum exhibits were educational and engaging.
19, Alexander Reed, 47, Male, The car has excellent performance and handling.
20, Charlotte Carter, 30, Female, The hiking trail offers breathtaking views.
21, Daniel Stewart, 25, Male, The smartphone has a sleek design and powerful features.
22, Harper Coleman, 26, Female, The clothing store has a wide selection of trendy clothes.
23, Benjamin Mitchell, 43, Male, The theater performance was outstanding.
24, Amelia Adams, 38, Female, The gym has state-of-the-art equipment and knowledgeable trainers.
25, Matthew Turner, 31, Male, The restaurant has delicious food and friendly staff.
26, Evelyn Murphy, 21, Female, The laptop is fast and reliable.
27, William Baker, 34, Male, The customer service hotline is always busy.
28, Sofia Mitchell, 39, Female, The hotel room was clean and comfortable.
29, Michael Evans, 40, Male, The grocery store offers fresh produce and a wide variety of products.
30, Harper King, 26, Female, The fitness classes are challenging but rewarding.
31, Lucas Young, 25, Male, The software is full of bugs and crashes frequently.
32, Ava Cooper, 33, Female, The theme park has thrilling rides and fun attractions.
33, Elijah Nelson, 24, Male, The customer service representative was rude and unhelpful.
34, Mia Cook, 29, Female, The airline provides excellent in-flight service.
35, Oliver Bell, 27, Male, The fashion brand offers stylish and trendy clothing.
36, Amelia Murphy, 35, Female, The movie theater has comfortable seating and great sound quality.
37, William Hayes, 43, Male, The hotel has a beautiful pool and a stunning view of the ocean.
38, Sophia Price, 20, Female, The online course was informative and well-structured.
39, Benjamin Foster, 42, Male, The restaurant has slow service and long waiting times.
40, Charlotte Griffin, 24, Female, The bookstore has a wide selection of books across various genres.
41, Samuel Russell, 36, Male, The car dealership provided excellent customer service.
42, Emily Simmons, 29, Female, The park is well-maintained and perfect for picnics.
43, Henry Sanders, 44, Male, The mobile app is user-friendly and easy to navigate.
44, Scarlett Powell, 30, Female, The concert was lively and the artist gave an outstanding performance.
45, Jackson Torres, 23, Male, The restaurant offers a diverse menu with delicious vegan options.
46, Grace Peterson, 32, Female, The hotel staff was friendly and accommodating.
47, Aiden Gray, 31, Male, The coffee at this cafe is exceptional.
48, Zoe Simmons, 27, Female, The customer support team was unresponsive and provided no solution.
49, Matthew Howard, 38, Male, The museum exhibits were informative and well-presented.
50, Ella Cox, 25, Female, The beauty salon provides excellent services and has a relaxing ambiance.
51, Noah Johnson, 29, Male, The software is intuitive and easy to use.
52, Emma Wilson, 31, Female, The customer service was unhelpful and provided incorrect information.
53, Ethan Davis, 25, Male, The concert was disappointing. The sound quality was poor.
54, Mia Thompson, 33, Female, The bookstore has a cozy atmosphere and a great selection of books.
55, Lucas Harris, 36, Male, The restaurant has a diverse menu with delicious vegetarian options.
56, Olivia Martinez, 24, Female, The hotel room was spacious and had a beautiful view.
57, Elijah Nelson, 26, Male, The customer support was friendly and resolved my issue promptly.
58, Sophia Turner, 38, Female, The online course was well-structured and comprehensive.
59, Benjamin Clark, 44, Male, The movie had a predictable plot and lacked originality.
60, Harper Adams, 29, Female, The event was poorly organized and chaotic.
61, Daniel Wright, 32, Male, The smartphone has a long battery life and excellent camera quality.
62, Emily Murphy, 27, Female, The clothing store offers trendy fashion at affordable prices.
63, William Bell, 31, Male, The theater performance was captivating and held my attention throughout.
64, Mia Stewart, 35, Female, The gym facilities are clean and well-maintained.
65, Jackson Cox, 22, Male, The restaurant has friendly staff and serves delicious desserts.
66, Grace Reed, 26, Female, The laptop has a sleek design and fast performance.
67, Aiden Parker, 39, Male, The customer service was unresponsive and did not resolve my issue.
68, Zoe Simmons, 28, Female, The museum exhibits were educational and thought-provoking.
69, Matthew Turner, 41, Male, The car has excellent fuel efficiency and a comfortable interior.
70, Ella Peterson, 30, Female, The hiking trail offers stunning views of nature.
71, Noah Green, 27, Male, The coffee shop has a cozy ambiance and serves high-quality coffee.
72, Emma Mitchell, 34, Female, The customer support was knowledgeable and provided helpful guidance.
73, Ethan Adams, 23, Male, The airline had frequent delays and poor customer service.
74, Mia Carter, 37, Female, The hotel has a luxurious feel and provides excellent amenities.
75, Lucas Gray, 25, Male, The game is addictive and has stunning graphics.
76, Isabella Foster, 28, Female, I'm impressed with the quality of the product. It exceeded my expectations.
77, Alexander Simmons, 43, Male, The customer service was efficient and resolved my issue promptly.
78, Charlotte Hill, 31, Female, The hotel staff was friendly and went above and beyond to make my stay comfortable.
79, Daniel Adams, 24, Male, The grocery store offers a wide range of fresh produce and organic products.
80, Harper King, 35, Female, The fitness classes are engaging and led by motivating instructors.
81, Oliver Hayes, 30, Male, The software is unreliable and frequently crashes.
82, Amelia Wilson, 32, Female, The theme park has thrilling rides and fun entertainment options.
83, William Coleman, 25, Male, The customer service representative was unprofessional and provided incorrect information.
84, Sofia Martinez, 28, Female, The airline provided excellent in-flight service and comfortable seating.
85, Michael Turner, 27, Male, The fashion brand offers stylish and trendy clothing options.
86, Evelyn Murphy, 36, Female, The movie theater has comfortable seating and a great selection of films.
87, James Griffin, 33, Male, The hotel has a convenient location and offers excellent amenities.
88, Ava Carter, 26, Female, The online course was informative and well-structured. I learned a lot.
89, Benjamin Mitchell, 42, Male, The restaurant had slow service and the food was overpriced.
90, Charlotte Adams, 24, Female, The bookstore has knowledgeable staff and a cozy reading area.
91, Samuel Turner, 37, Male, The car dealership provided a smooth purchasing experience with great customer service.
92, Emily Peterson, 29, Female, The park has beautiful scenery and is perfect for a picnic.
93, Henry Reed, 44, Male, The mobile app is user-friendly and provides a seamless experience.
94, Scarlett Evans, 30, Female, The concert was electrifying and had an energetic atmosphere.
95, Jackson Mitchell, 23, Male, The restaurant offers a wide variety of delicious vegetarian dishes.
96, Grace Thompson, 32, Female, The hotel staff was welcoming and attentive.
97, Aiden Wright, 31, Male, The coffee at this cafe is rich and flavorful.
98, Zoe Turner, 28, Female, The customer support team was unresponsive and failed to address my concerns.
99, Matthew Harris, 39, Male, The museum exhibits were informative and showcased a diverse range of art.
100, Ella Davis, 25, Female, The beauty salon provided excellent service and created a relaxing atmosphere.